{"cameraMode":{"drawMode":0,"name":"Shaded","section":"Shading Mode"},"sceneLighting":false,"audioPlay":false,"sceneViewState":{"m_AlwaysRefresh":false,"showFog":true,"showSkybox":false,"showFlares":true,"showImageEffects":true,"showParticleSystems":true,"showVisualEffectGraphs":true,"m_FxEnabled":true},"in2DMode":false,"pivot":{"x":-51.777015686035159,"y":24.790307998657228,"z":11.93016529083252},"rotation":{"x":0.09689850360155106,"y":0.34507355093955996,"z":0.03584318980574608,"w":-0.9328720569610596},"size":27.73734474182129,"orthographic":false}