{"cameraMode":{"drawMode":0,"name":"Shaded","section":"Shading Mode"},"sceneLighting":true,"audioPlay":false,"sceneViewState":{"m_AlwaysRefresh":false,"showFog":true,"showSkybox":true,"showFlares":true,"showImageEffects":true,"showParticleSystems":true,"showVisualEffectGraphs":true,"m_FxEnabled":true},"in2DMode":false,"pivot":{"x":397.37164306640627,"y":528.8339233398438,"z":-208.80606079101563},"rotation":{"x":0.3605676293373108,"y":-0.21320600807666779,"z":0.0850333422422409,"w":0.9040562510490418},"size":104.34423065185547,"orthographic":false}